{"data":"2018-01-24T00:00:00.000+01:00","importo":1000,"codice":"AS","descrizione":"Stipendio gennaio"}
{"data":"2018-01-25T00:00:00.000+01:00","importo":-250,"codice":"BA","descrizione":"Riscaldamento rata 3"}
{"data":"2018-02-01T00:00:00.000+01:00","importo":-300,"codice":"PC","descrizione":"Prelievo bancomat 101"}
{"data":"2018-02-25T00:00:00.000+01:00","importo":1000,"codice":"AS","descrizione":"Stipendio febbraio"}
{"data":"2018-03-12T00:00:00.000+01:00","importo":-250,"codice":"BA","descrizione":"Riscaldamento rata 4"}
{"data":"2018-03-14T00:00:00.000+01:00","importo":-50,"codice":"PB","descrizione":"Pagobancomat Ikea"}
{"data":"2018-03-24T00:00:00.000+01:00","importo":1000,"codice":"AS","descrizione":"Stipendio marzo"}
{"data":"2018-04-08T00:00:00.000+02:00","importo":-300,"codice":"PC","descrizione":"Prelievo bancomat 101"}
{"data":"2018-04-27T00:00:00.000+02:00","importo":1000,"codice":"AS","descrizione":"Stipendio aprile"}
{"data":"2018-05-11T00:00:00.000+02:00","importo":-520,"codice":"BA","descrizione":"Condominio rata 1"}
{"data":"2018-05-15T00:00:00.000+02:00","importo":-30,"codice":"PB","descrizione":"Pagobancomat Farmacia Rossi"}
{"data":"2018-05-28T00:00:00.000+02:00","importo":1000,"codice":"AS","descrizione":"Stipendio maggio"}
{"data":"2018-06-05T00:00:00.000+02:00","importo":250,"codice":"VS","descrizione":"Versamento"}
{"data":"2018-06-13T00:00:00.000+02:00","importo":620,"codice":"BD","descrizione":"Saldo collaborazione"}
{"data":"2018-06-27T00:00:00.000+02:00","importo":1000,"codice":"AS","descrizione":"Stipendio giugno"}
{"data":"2018-07-01T00:00:00.000+02:00","importo":-500,"codice":"PC","descrizione":"Prelievo bancomat 91"}
{"data":"2018-07-26T00:00:00.000+02:00","importo":1000,"codice":"AS","descrizione":"Stipendio luglio"}
